,fnid,country,country_code,admin_1,admin_2,name,product,season_name,planting_year,planting_month,harvest_year,harvest_month,crop_production_system,indicator,value
0,SL1960A20101,Sierra Leone,SL,Eastern,Kailahun,Kailahun,Sweet Potatoes,Main,2003,5,2003,9,none,area,213.84
1,SL1960A20101,Sierra Leone,SL,Eastern,Kailahun,Kailahun,Maize,Main,1986,5,1986,9,none,area,807.0
2,SL1960A20101,Sierra Leone,SL,Eastern,Kailahun,Kailahun,Maize,Main,1986,5,1986,9,none,production,362.0
3,SL1960A20101,Sierra Leone,SL,Eastern,Kailahun,Kailahun,Maize,Main,1986,5,1986,9,none,yield,0.4485749690210657
4,SL1960A20101,Sierra Leone,SL,Eastern,Kailahun,Kailahun,Maize,Main,2003,5,2003,9,none,area,231.255
5,SL1960A20101,Sierra Leone,SL,Eastern,Kailahun,Kailahun,Maize,Main,2004,5,2004,9,none,area,836.0
6,SL1960A20101,Sierra Leone,SL,Eastern,Kailahun,Kailahun,Groundnuts (In Shell),Main,1986,5,1986,9,none,area,578.0
7,SL1960A20101,Sierra Leone,SL,Eastern,Kailahun,Kailahun,Groundnuts (In Shell),Main,1986,5,1986,9,none,production,226.0
8,SL1960A20101,Sierra Leone,SL,Eastern,Kailahun,Kailahun,Groundnuts (In Shell),Main,1986,5,1986,9,none,yield,0.39100346020761245
9,SL1960A20101,Sierra Leone,SL,Eastern,Kailahun,Kailahun,Groundnuts (In Shell),Main,2003,5,2003,9,none,area,522.45
10,SL1960A20101,Sierra Leone,SL,Eastern,Kailahun,Kailahun,Groundnuts (In Shell),Main,2004,5,2004,9,none,area,1563.0
11,SL1960A20101,Sierra Leone,SL,Eastern,Kailahun,Kailahun,Cassava,Main,2003,5,2003,9,none,area,768.69
12,SL1960A20101,Sierra Leone,SL,Eastern,Kailahun,Kailahun,Cassava,Main,2004,5,2004,9,none,area,3990.0
13,SL1960A20101,Sierra Leone,SL,Eastern,Kailahun,Kailahun,Rice,Main,1986,5,1986,9,none,area,26345.0
14,SL1960A20101,Sierra Leone,SL,Eastern,Kailahun,Kailahun,Rice,Main,1986,5,1986,9,none,production,40379.0
15,SL1960A20101,Sierra Leone,SL,Eastern,Kailahun,Kailahun,Rice,Main,1986,5,1986,9,none,yield,1.5327007022205352
16,SL1960A20101,Sierra Leone,SL,Eastern,Kailahun,Kailahun,Rice,Main,2002,5,2002,9,none,area,25159.005
17,SL1960A20101,Sierra Leone,SL,Eastern,Kailahun,Kailahun,Rice,Main,2004,5,2004,9,none,area,16710.0
18,SL1960A20101,Sierra Leone,SL,Eastern,Kailahun,Kailahun,Potato,Main,2004,5,2004,9,none,area,14002.0
19,SL1960A20101,Sierra Leone,SL,Eastern,Kailahun,Kailahun,Millet,Main,2003,5,2003,9,none,area,107.325
20,SL1960A20101,Sierra Leone,SL,Eastern,Kailahun,Kailahun,Banana,Main,2003,5,2003,9,none,area,5678.1
21,SL1960A20101,Sierra Leone,SL,Eastern,Kailahun,Kailahun,Cashew (unshelled),Main,2003,5,2003,9,none,area,3199.5
22,SL1960A20101,Sierra Leone,SL,Eastern,Kailahun,Kailahun,Sesame Seed,Main,2015,5,2015,9,none,production,482.79
23,SL1960A20101,Sierra Leone,SL,Eastern,Kailahun,Kailahun,Sesame Seed,Main,2016,5,2016,9,none,production,531.069
24,SL1960A20101,Sierra Leone,SL,Eastern,Kailahun,Kailahun,Sweet Potatoes,Main,2015,5,2015,9,none,production,5570.5518
25,SL1960A20101,Sierra Leone,SL,Eastern,Kailahun,Kailahun,Sweet Potatoes,Main,2016,5,2016,9,none,production,6318.55224
26,SL1960A20101,Sierra Leone,SL,Eastern,Kailahun,Kailahun,Maize,Main,2015,5,2015,9,none,production,1457.61
27,SL1960A20101,Sierra Leone,SL,Eastern,Kailahun,Kailahun,Maize,Main,2016,5,2016,9,none,production,1603.371
28,SL1960A20101,Sierra Leone,SL,Eastern,Kailahun,Kailahun,Sorghum,Main,2015,5,2015,9,none,production,4259.97
29,SL1960A20101,Sierra Leone,SL,Eastern,Kailahun,Kailahun,Sorghum,Main,2016,5,2016,9,none,production,4685.967
30,SL1960A20101,Sierra Leone,SL,Eastern,Kailahun,Kailahun,Groundnuts (In Shell),Main,2015,5,2015,9,none,production,715.0
31,SL1960A20101,Sierra Leone,SL,Eastern,Kailahun,Kailahun,Groundnuts (In Shell),Main,2016,5,2016,9,none,production,631.0
32,SL1960A20101,Sierra Leone,SL,Eastern,Kailahun,Kailahun,Cassava,Main,2015,5,2015,9,none,production,146600.0
33,SL1960A20101,Sierra Leone,SL,Eastern,Kailahun,Kailahun,Cassava,Main,2016,5,2016,9,none,production,159250.0
34,SL1960A20101,Sierra Leone,SL,Eastern,Kailahun,Kailahun,Rice,Main,2015,5,2015,9,none,production,62853.0
35,SL1960A20101,Sierra Leone,SL,Eastern,Kailahun,Kailahun,Rice,Main,2016,5,2016,9,none,production,69761.0
36,SL1960A20101,Sierra Leone,SL,Eastern,Kailahun,Kailahun,Okras,Main,2015,5,2015,9,none,production,422.73
37,SL1960A20101,Sierra Leone,SL,Eastern,Kailahun,Kailahun,Okras,Main,2016,5,2016,9,none,production,465.003
38,SL1960A20102,Sierra Leone,SL,Eastern,Kenema,Kenema,Sweet Potatoes,Main,2003,5,2003,9,none,area,575.91
39,SL1960A20102,Sierra Leone,SL,Eastern,Kenema,Kenema,Maize,Main,1986,5,1986,9,none,area,637.0
40,SL1960A20102,Sierra Leone,SL,Eastern,Kenema,Kenema,Maize,Main,1986,5,1986,9,none,production,286.0
41,SL1960A20102,Sierra Leone,SL,Eastern,Kenema,Kenema,Maize,Main,1986,5,1986,9,none,yield,0.4489795918367347
42,SL1960A20102,Sierra Leone,SL,Eastern,Kenema,Kenema,Maize,Main,2003,5,2003,9,none,area,455.625
43,SL1960A20102,Sierra Leone,SL,Eastern,Kenema,Kenema,Maize,Main,2004,5,2004,9,none,area,9042.0
44,SL1960A20102,Sierra Leone,SL,Eastern,Kenema,Kenema,Groundnuts (In Shell),Main,1986,5,1986,9,none,area,927.0
45,SL1960A20102,Sierra Leone,SL,Eastern,Kenema,Kenema,Groundnuts (In Shell),Main,1986,5,1986,9,none,production,526.0
46,SL1960A20102,Sierra Leone,SL,Eastern,Kenema,Kenema,Groundnuts (In Shell),Main,1986,5,1986,9,none,yield,0.5674217907227616
47,SL1960A20102,Sierra Leone,SL,Eastern,Kenema,Kenema,Groundnuts (In Shell),Main,2003,5,2003,9,none,area,1057.86
48,SL1960A20102,Sierra Leone,SL,Eastern,Kenema,Kenema,Groundnuts (In Shell),Main,2004,5,2004,9,none,area,1424.0
49,SL1960A20102,Sierra Leone,SL,Eastern,Kenema,Kenema,Cassava,Main,2003,5,2003,9,none,area,1732.59
50,SL1960A20102,Sierra Leone,SL,Eastern,Kenema,Kenema,Cassava,Main,2004,5,2004,9,none,area,3593.0
51,SL1960A20102,Sierra Leone,SL,Eastern,Kenema,Kenema,Rice,Main,1986,5,1986,9,none,area,49041.0
52,SL1960A20102,Sierra Leone,SL,Eastern,Kenema,Kenema,Rice,Main,1986,5,1986,9,none,production,85753.0
53,SL1960A20102,Sierra Leone,SL,Eastern,Kenema,Kenema,Rice,Main,1986,5,1986,9,none,yield,1.7485981117840175
54,SL1960A20102,Sierra Leone,SL,Eastern,Kenema,Kenema,Rice,Main,2002,5,2002,9,none,area,44731.44
55,SL1960A20102,Sierra Leone,SL,Eastern,Kenema,Kenema,Rice,Main,2004,5,2004,9,none,area,39103.0
56,SL1960A20102,Sierra Leone,SL,Eastern,Kenema,Kenema,Potato,Main,2004,5,2004,9,none,area,14937.0
57,SL1960A20102,Sierra Leone,SL,Eastern,Kenema,Kenema,Millet,Main,2003,5,2003,9,none,area,553.635
58,SL1960A20102,Sierra Leone,SL,Eastern,Kenema,Kenema,Banana,Main,2003,5,2003,9,none,area,146.205
59,SL1960A20102,Sierra Leone,SL,Eastern,Kenema,Kenema,Sesame Seed,Main,2015,5,2015,9,none,production,501.93
60,SL1960A20102,Sierra Leone,SL,Eastern,Kenema,Kenema,Sesame Seed,Main,2016,5,2016,9,none,production,552.123
61,SL1960A20102,Sierra Leone,SL,Eastern,Kenema,Kenema,Sweet Potatoes,Main,2015,5,2015,9,none,production,10316.3544
62,SL1960A20102,Sierra Leone,SL,Eastern,Kenema,Kenema,Sweet Potatoes,Main,2016,5,2016,9,none,production,11701.60992
63,SL1960A20102,Sierra Leone,SL,Eastern,Kenema,Kenema,Maize,Main,2015,5,2015,9,none,production,2188.494
64,SL1960A20102,Sierra Leone,SL,Eastern,Kenema,Kenema,Maize,Main,2016,5,2016,9,none,production,2407.3434
65,SL1960A20102,Sierra Leone,SL,Eastern,Kenema,Kenema,Sorghum,Main,2015,5,2015,9,none,production,5113.68
66,SL1960A20102,Sierra Leone,SL,Eastern,Kenema,Kenema,Sorghum,Main,2016,5,2016,9,none,production,5625.048
67,SL1960A20102,Sierra Leone,SL,Eastern,Kenema,Kenema,Groundnuts (In Shell),Main,2015,5,2015,9,none,production,733.0
68,SL1960A20102,Sierra Leone,SL,Eastern,Kenema,Kenema,Groundnuts (In Shell),Main,2016,5,2016,9,none,production,647.0
69,SL1960A20102,Sierra Leone,SL,Eastern,Kenema,Kenema,Cassava,Main,2015,5,2015,9,none,production,237936.0
70,SL1960A20102,Sierra Leone,SL,Eastern,Kenema,Kenema,Cassava,Main,2016,5,2016,9,none,production,258468.0
71,SL1960A20102,Sierra Leone,SL,Eastern,Kenema,Kenema,Rice,Main,2015,5,2015,9,none,production,89659.0
72,SL1960A20102,Sierra Leone,SL,Eastern,Kenema,Kenema,Rice,Main,2016,5,2016,9,none,production,99514.0
73,SL1960A20102,Sierra Leone,SL,Eastern,Kenema,Kenema,Okras,Main,2015,5,2015,9,none,production,717.7005
74,SL1960A20102,Sierra Leone,SL,Eastern,Kenema,Kenema,Okras,Main,2016,5,2016,9,none,production,789.47055
75,SL1960A20103,Sierra Leone,SL,Eastern,Kono,Kono,Sweet Potatoes,Main,2003,5,2003,9,none,area,178.2
76,SL1960A20103,Sierra Leone,SL,Eastern,Kono,Kono,Maize,Main,1986,5,1986,9,none,area,3900.0
77,SL1960A20103,Sierra Leone,SL,Eastern,Kono,Kono,Maize,Main,1986,5,1986,9,none,production,164.0
78,SL1960A20103,Sierra Leone,SL,Eastern,Kono,Kono,Maize,Main,1986,5,1986,9,none,yield,0.04205128205128205
79,SL1960A20103,Sierra Leone,SL,Eastern,Kono,Kono,Maize,Main,2003,5,2003,9,none,area,17415.0
80,SL1960A20103,Sierra Leone,SL,Eastern,Kono,Kono,Maize,Main,2004,5,2004,9,none,area,14740.0
81,SL1960A20103,Sierra Leone,SL,Eastern,Kono,Kono,Groundnuts (In Shell),Main,1986,5,1986,9,none,area,489.0
82,SL1960A20103,Sierra Leone,SL,Eastern,Kono,Kono,Groundnuts (In Shell),Main,1986,5,1986,9,none,production,214.0
83,SL1960A20103,Sierra Leone,SL,Eastern,Kono,Kono,Groundnuts (In Shell),Main,1986,5,1986,9,none,yield,0.4376278118609407
84,SL1960A20103,Sierra Leone,SL,Eastern,Kono,Kono,Groundnuts (In Shell),Main,2003,5,2003,9,none,area,1611.9
85,SL1960A20103,Sierra Leone,SL,Eastern,Kono,Kono,Groundnuts (In Shell),Main,2004,5,2004,9,none,area,2025.0
86,SL1960A20103,Sierra Leone,SL,Eastern,Kono,Kono,Cassava,Main,2003,5,2003,9,none,area,200.475
87,SL1960A20103,Sierra Leone,SL,Eastern,Kono,Kono,Cassava,Main,2004,5,2004,9,none,area,43958.0
88,SL1960A20103,Sierra Leone,SL,Eastern,Kono,Kono,Rice,Main,1986,5,1986,9,none,area,22531.0
89,SL1960A20103,Sierra Leone,SL,Eastern,Kono,Kono,Rice,Main,1986,5,1986,9,none,production,36848.0
90,SL1960A20103,Sierra Leone,SL,Eastern,Kono,Kono,Rice,Main,1986,5,1986,9,none,yield,1.635435622031867
91,SL1960A20103,Sierra Leone,SL,Eastern,Kono,Kono,Rice,Main,2002,5,2002,9,none,area,24714.72
92,SL1960A20103,Sierra Leone,SL,Eastern,Kono,Kono,Rice,Main,2004,5,2004,9,none,area,13456.0
93,SL1960A20103,Sierra Leone,SL,Eastern,Kono,Kono,Potato,Main,2004,5,2004,9,none,area,22087.0
94,SL1960A20103,Sierra Leone,SL,Eastern,Kono,Kono,Banana,Main,2003,5,2003,9,none,area,490.05
95,SL1960A20103,Sierra Leone,SL,Eastern,Kono,Kono,Sesame Seed,Main,2015,5,2015,9,none,production,625.284
96,SL1960A20103,Sierra Leone,SL,Eastern,Kono,Kono,Sesame Seed,Main,2016,5,2016,9,none,production,687.8124
97,SL1960A20103,Sierra Leone,SL,Eastern,Kono,Kono,Sweet Potatoes,Main,2015,5,2015,9,none,production,10203.7474
98,SL1960A20103,Sierra Leone,SL,Eastern,Kono,Kono,Sweet Potatoes,Main,2016,5,2016,9,none,production,11573.88232
99,SL1960A20103,Sierra Leone,SL,Eastern,Kono,Kono,Maize,Main,2015,5,2015,9,none,production,2176.944
100,SL1960A20103,Sierra Leone,SL,Eastern,Kono,Kono,Maize,Main,2016,5,2016,9,none,production,2394.6384
101,SL1960A20103,Sierra Leone,SL,Eastern,Kono,Kono,Sorghum,Main,2015,5,2015,9,none,production,2376.66
102,SL1960A20103,Sierra Leone,SL,Eastern,Kono,Kono,Sorghum,Main,2016,5,2016,9,none,production,2614.326
103,SL1960A20103,Sierra Leone,SL,Eastern,Kono,Kono,Groundnuts (In Shell),Main,2015,5,2015,9,none,production,712.0
104,SL1960A20103,Sierra Leone,SL,Eastern,Kono,Kono,Groundnuts (In Shell),Main,2016,5,2016,9,none,production,629.0
105,SL1960A20103,Sierra Leone,SL,Eastern,Kono,Kono,Cassava,Main,2015,5,2015,9,none,production,76836.0
106,SL1960A20103,Sierra Leone,SL,Eastern,Kono,Kono,Cassava,Main,2016,5,2016,9,none,production,183466.0
107,SL1960A20103,Sierra Leone,SL,Eastern,Kono,Kono,Rice,Main,2015,5,2015,9,none,production,43352.0
108,SL1960A20103,Sierra Leone,SL,Eastern,Kono,Kono,Rice,Main,2016,5,2016,9,none,production,148117.0
109,SL1960A20103,Sierra Leone,SL,Eastern,Kono,Kono,Okras,Main,2015,5,2015,9,none,production,646.965
110,SL1960A20103,Sierra Leone,SL,Eastern,Kono,Kono,Okras,Main,2016,5,2016,9,none,production,711.6615
111,SL1960A20201,Sierra Leone,SL,Northern,Bombali,Bombali,Sweet Potatoes,Main,2003,5,2003,9,none,area,2515.05
112,SL1960A20201,Sierra Leone,SL,Northern,Bombali,Bombali,Maize,Main,1986,5,1986,9,none,area,1809.0
113,SL1960A20201,Sierra Leone,SL,Northern,Bombali,Bombali,Maize,Main,1986,5,1986,9,none,production,1181.0
114,SL1960A20201,Sierra Leone,SL,Northern,Bombali,Bombali,Maize,Main,1986,5,1986,9,none,yield,0.6528468767274738
115,SL1960A20201,Sierra Leone,SL,Northern,Bombali,Bombali,Maize,Main,2003,5,2003,9,none,area,623.7
116,SL1960A20201,Sierra Leone,SL,Northern,Bombali,Bombali,Maize,Main,2004,5,2004,9,none,area,1246.0
117,SL1960A20201,Sierra Leone,SL,Northern,Bombali,Bombali,Groundnuts (In Shell),Main,1986,5,1986,9,none,area,7650.0
118,SL1960A20201,Sierra Leone,SL,Northern,Bombali,Bombali,Groundnuts (In Shell),Main,1986,5,1986,9,none,production,4994.0
119,SL1960A20201,Sierra Leone,SL,Northern,Bombali,Bombali,Groundnuts (In Shell),Main,1986,5,1986,9,none,yield,0.6528104575163398
120,SL1960A20201,Sierra Leone,SL,Northern,Bombali,Bombali,Groundnuts (In Shell),Main,2003,5,2003,9,none,area,4598.775
121,SL1960A20201,Sierra Leone,SL,Northern,Bombali,Bombali,Groundnuts (In Shell),Main,2004,5,2004,9,none,area,4557.7
122,SL1960A20201,Sierra Leone,SL,Northern,Bombali,Bombali,Cassava,Main,2003,5,2003,9,none,area,6486.075
123,SL1960A20201,Sierra Leone,SL,Northern,Bombali,Bombali,Cassava,Main,2004,5,2004,9,none,area,4790.0
124,SL1960A20201,Sierra Leone,SL,Northern,Bombali,Bombali,Rice,Main,1986,5,1986,9,none,area,38059.0
125,SL1960A20201,Sierra Leone,SL,Northern,Bombali,Bombali,Rice,Main,1986,5,1986,9,none,production,51517.0
126,SL1960A20201,Sierra Leone,SL,Northern,Bombali,Bombali,Rice,Main,1986,5,1986,9,none,yield,1.353608870438004
127,SL1960A20201,Sierra Leone,SL,Northern,Bombali,Bombali,Rice,Main,2002,5,2002,9,none,area,29661.795
128,SL1960A20201,Sierra Leone,SL,Northern,Bombali,Bombali,Rice,Main,2004,5,2004,9,none,area,10830.4
129,SL1960A20201,Sierra Leone,SL,Northern,Bombali,Bombali,Potato,Main,2004,5,2004,9,none,area,19966.0
130,SL1960A20201,Sierra Leone,SL,Northern,Bombali,Bombali,Millet,Main,2003,5,2003,9,none,area,963.9
131,SL1960A20201,Sierra Leone,SL,Northern,Bombali,Bombali,Banana,Main,2003,5,2003,9,none,area,853.335
132,SL1960A20201,Sierra Leone,SL,Northern,Bombali,Bombali,Cashew (unshelled),Main,2003,5,2003,9,none,area,60.345
133,SL1960A20201,Sierra Leone,SL,Northern,Bombali,Bombali,Sesame Seed,Main,2015,5,2015,9,none,production,330.99
134,SL1960A20201,Sierra Leone,SL,Northern,Bombali,Bombali,Sesame Seed,Main,2016,5,2016,9,none,production,364.089
135,SL1960A20201,Sierra Leone,SL,Northern,Bombali,Bombali,Sweet Potatoes,Main,2015,5,2015,9,none,production,22017.3866
136,SL1960A20201,Sierra Leone,SL,Northern,Bombali,Bombali,Sweet Potatoes,Main,2016,5,2016,9,none,production,24973.82888
137,SL1960A20201,Sierra Leone,SL,Northern,Bombali,Bombali,Maize,Main,2015,5,2015,9,none,production,1822.59
138,SL1960A20201,Sierra Leone,SL,Northern,Bombali,Bombali,Maize,Main,2016,5,2016,9,none,production,2004.849
139,SL1960A20201,Sierra Leone,SL,Northern,Bombali,Bombali,Sorghum,Main,2015,5,2015,9,none,production,2868.58
140,SL1960A20201,Sierra Leone,SL,Northern,Bombali,Bombali,Sorghum,Main,2016,5,2016,9,none,production,3155.438
141,SL1960A20201,Sierra Leone,SL,Northern,Bombali,Bombali,Groundnuts (In Shell),Main,2015,5,2015,9,none,production,4097.0
142,SL1960A20201,Sierra Leone,SL,Northern,Bombali,Bombali,Groundnuts (In Shell),Main,2016,5,2016,9,none,production,3620.0
143,SL1960A20201,Sierra Leone,SL,Northern,Bombali,Bombali,Cassava,Main,2015,5,2015,9,none,production,116940.0
144,SL1960A20201,Sierra Leone,SL,Northern,Bombali,Bombali,Cassava,Main,2016,5,2016,9,none,production,127031.0
145,SL1960A20201,Sierra Leone,SL,Northern,Bombali,Bombali,Rice,Main,2015,5,2015,9,none,production,66131.0
146,SL1960A20201,Sierra Leone,SL,Northern,Bombali,Bombali,Rice,Main,2016,5,2016,9,none,production,73400.0
147,SL1960A20201,Sierra Leone,SL,Northern,Bombali,Bombali,Okras,Main,2015,5,2015,9,none,production,297.495
148,SL1960A20201,Sierra Leone,SL,Northern,Bombali,Bombali,Okras,Main,2016,5,2016,9,none,production,327.2445
149,SL1960A20202,Sierra Leone,SL,Northern,Kambia,Kambia,Sweet Potatoes,Main,2003,5,2003,9,none,area,26.73
150,SL1960A20202,Sierra Leone,SL,Northern,Kambia,Kambia,Maize,Main,1986,5,1986,9,none,area,827.0
151,SL1960A20202,Sierra Leone,SL,Northern,Kambia,Kambia,Maize,Main,1986,5,1986,9,none,production,261.0
152,SL1960A20202,Sierra Leone,SL,Northern,Kambia,Kambia,Maize,Main,1986,5,1986,9,none,yield,0.31559854897218864
153,SL1960A20202,Sierra Leone,SL,Northern,Kambia,Kambia,Maize,Main,2003,5,2003,9,none,area,8100.0
154,SL1960A20202,Sierra Leone,SL,Northern,Kambia,Kambia,Maize,Main,2004,5,2004,9,none,area,9834.0
155,SL1960A20202,Sierra Leone,SL,Northern,Kambia,Kambia,Groundnuts (In Shell),Main,1986,5,1986,9,none,area,1015.0
156,SL1960A20202,Sierra Leone,SL,Northern,Kambia,Kambia,Groundnuts (In Shell),Main,1986,5,1986,9,none,production,621.0
157,SL1960A20202,Sierra Leone,SL,Northern,Kambia,Kambia,Groundnuts (In Shell),Main,1986,5,1986,9,none,yield,0.6118226600985222
158,SL1960A20202,Sierra Leone,SL,Northern,Kambia,Kambia,Groundnuts (In Shell),Main,2003,5,2003,9,none,area,510.3
159,SL1960A20202,Sierra Leone,SL,Northern,Kambia,Kambia,Groundnuts (In Shell),Main,2004,5,2004,9,none,area,2713.0
160,SL1960A20202,Sierra Leone,SL,Northern,Kambia,Kambia,Cassava,Main,2003,5,2003,9,none,area,334.125
161,SL1960A20202,Sierra Leone,SL,Northern,Kambia,Kambia,Cassava,Main,2004,5,2004,9,none,area,484.0
162,SL1960A20202,Sierra Leone,SL,Northern,Kambia,Kambia,Rice,Main,1986,5,1986,9,none,area,23615.0
163,SL1960A20202,Sierra Leone,SL,Northern,Kambia,Kambia,Rice,Main,1986,5,1986,9,none,production,37643.0
164,SL1960A20202,Sierra Leone,SL,Northern,Kambia,Kambia,Rice,Main,1986,5,1986,9,none,yield,1.5940292187169172
165,SL1960A20202,Sierra Leone,SL,Northern,Kambia,Kambia,Rice,Main,2002,5,2002,9,none,area,22497.43
166,SL1960A20202,Sierra Leone,SL,Northern,Kambia,Kambia,Rice,Main,2004,5,2004,9,none,area,20546.0
167,SL1960A20202,Sierra Leone,SL,Northern,Kambia,Kambia,Potato,Main,2004,5,2004,9,none,area,21749.0
168,SL1960A20202,Sierra Leone,SL,Northern,Kambia,Kambia,Millet,Main,2003,5,2003,9,none,area,72.9
169,SL1960A20202,Sierra Leone,SL,Northern,Kambia,Kambia,Banana,Main,2003,5,2003,9,none,area,2.43
170,SL1960A20202,Sierra Leone,SL,Northern,Kambia,Kambia,Cashew (unshelled),Main,2003,5,2003,9,none,area,850.5
171,SL1960A20202,Sierra Leone,SL,Northern,Kambia,Kambia,Sesame Seed,Main,2015,5,2015,9,none,production,479.49
172,SL1960A20202,Sierra Leone,SL,Northern,Kambia,Kambia,Sesame Seed,Main,2016,5,2016,9,none,production,527.439
173,SL1960A20202,Sierra Leone,SL,Northern,Kambia,Kambia,Sweet Potatoes,Main,2015,5,2015,9,none,production,11975.172
174,SL1960A20202,Sierra Leone,SL,Northern,Kambia,Kambia,Sweet Potatoes,Main,2016,5,2016,9,none,production,13583.1696
175,SL1960A20202,Sierra Leone,SL,Northern,Kambia,Kambia,Maize,Main,2015,5,2015,9,none,production,1748.67
176,SL1960A20202,Sierra Leone,SL,Northern,Kambia,Kambia,Maize,Main,2016,5,2016,9,none,production,1923.537
177,SL1960A20202,Sierra Leone,SL,Northern,Kambia,Kambia,Sorghum,Main,2015,5,2015,9,none,production,2515.37
178,SL1960A20202,Sierra Leone,SL,Northern,Kambia,Kambia,Sorghum,Main,2016,5,2016,9,none,production,2766.907
179,SL1960A20202,Sierra Leone,SL,Northern,Kambia,Kambia,Groundnuts (In Shell),Main,2015,5,2015,9,none,production,5074.0
180,SL1960A20202,Sierra Leone,SL,Northern,Kambia,Kambia,Groundnuts (In Shell),Main,2016,5,2016,9,none,production,4484.0
181,SL1960A20202,Sierra Leone,SL,Northern,Kambia,Kambia,Cassava,Main,2015,5,2015,9,none,production,119454.0
182,SL1960A20202,Sierra Leone,SL,Northern,Kambia,Kambia,Cassava,Main,2016,5,2016,9,none,production,129762.0
183,SL1960A20202,Sierra Leone,SL,Northern,Kambia,Kambia,Rice,Main,2015,5,2015,9,none,production,66270.0
184,SL1960A20202,Sierra Leone,SL,Northern,Kambia,Kambia,Rice,Main,2016,5,2016,9,none,production,73554.0
185,SL1960A20202,Sierra Leone,SL,Northern,Kambia,Kambia,Okras,Main,2015,5,2015,9,none,production,412.335
186,SL1960A20202,Sierra Leone,SL,Northern,Kambia,Kambia,Okras,Main,2016,5,2016,9,none,production,453.5685
187,SL1960A20203,Sierra Leone,SL,Northern,Koinadugu,Koinadugu,Sweet Potatoes,Main,2003,5,2003,9,none,area,5783.4
188,SL1960A20203,Sierra Leone,SL,Northern,Koinadugu,Koinadugu,Maize,Main,1986,5,1986,9,none,area,1838.0
189,SL1960A20203,Sierra Leone,SL,Northern,Koinadugu,Koinadugu,Maize,Main,1986,5,1986,9,none,production,1132.0
190,SL1960A20203,Sierra Leone,SL,Northern,Koinadugu,Koinadugu,Maize,Main,1986,5,1986,9,none,yield,0.6158868335146899
191,SL1960A20203,Sierra Leone,SL,Northern,Koinadugu,Koinadugu,Maize,Main,2003,5,2003,9,none,area,12202.65
192,SL1960A20203,Sierra Leone,SL,Northern,Koinadugu,Koinadugu,Maize,Main,2004,5,2004,9,none,area,18090.0
193,SL1960A20203,Sierra Leone,SL,Northern,Koinadugu,Koinadugu,Groundnuts (In Shell),Main,1986,5,1986,9,none,area,6229.0
194,SL1960A20203,Sierra Leone,SL,Northern,Koinadugu,Koinadugu,Groundnuts (In Shell),Main,1986,5,1986,9,none,production,4575.0
195,SL1960A20203,Sierra Leone,SL,Northern,Koinadugu,Koinadugu,Groundnuts (In Shell),Main,1986,5,1986,9,none,yield,0.7344678118478086
196,SL1960A20203,Sierra Leone,SL,Northern,Koinadugu,Koinadugu,Groundnuts (In Shell),Main,2003,5,2003,9,none,area,61568.1
197,SL1960A20203,Sierra Leone,SL,Northern,Koinadugu,Koinadugu,Groundnuts (In Shell),Main,2004,5,2004,9,none,area,50288.0
198,SL1960A20203,Sierra Leone,SL,Northern,Koinadugu,Koinadugu,Cassava,Main,2003,5,2003,9,none,area,4617.0
199,SL1960A20203,Sierra Leone,SL,Northern,Koinadugu,Koinadugu,Cassava,Main,2004,5,2004,9,none,area,39239.0
200,SL1960A20203,Sierra Leone,SL,Northern,Koinadugu,Koinadugu,Rice,Main,1986,5,1986,9,none,area,27190.0
201,SL1960A20203,Sierra Leone,SL,Northern,Koinadugu,Koinadugu,Rice,Main,1986,5,1986,9,none,production,60598.0
202,SL1960A20203,Sierra Leone,SL,Northern,Koinadugu,Koinadugu,Rice,Main,1986,5,1986,9,none,yield,2.228687017285767
203,SL1960A20203,Sierra Leone,SL,Northern,Koinadugu,Koinadugu,Rice,Main,2002,5,2002,9,none,area,21282.75
204,SL1960A20203,Sierra Leone,SL,Northern,Koinadugu,Koinadugu,Rice,Main,2004,5,2004,9,none,area,42512.0
205,SL1960A20203,Sierra Leone,SL,Northern,Koinadugu,Koinadugu,Potato,Main,2004,5,2004,9,none,area,23932.0
206,SL1960A20203,Sierra Leone,SL,Northern,Koinadugu,Koinadugu,Millet,Main,2003,5,2003,9,none,area,6123.6
207,SL1960A20203,Sierra Leone,SL,Northern,Koinadugu,Koinadugu,Banana,Main,2003,5,2003,9,none,area,2994.975
208,SL1960A20203,Sierra Leone,SL,Northern,Koinadugu,Koinadugu,Cashew (unshelled),Main,2003,5,2003,9,none,area,2.025
209,SL1960A20203,Sierra Leone,SL,Northern,Koinadugu,Koinadugu,Sesame Seed,Main,2015,5,2015,9,none,production,658.35
210,SL1960A20203,Sierra Leone,SL,Northern,Koinadugu,Koinadugu,Sesame Seed,Main,2016,5,2016,9,none,production,724.185
211,SL1960A20203,Sierra Leone,SL,Northern,Koinadugu,Koinadugu,Sweet Potatoes,Main,2015,5,2015,9,none,production,12495.41634
212,SL1960A20203,Sierra Leone,SL,Northern,Koinadugu,Koinadugu,Sweet Potatoes,Main,2016,5,2016,9,none,production,14173.271112
213,SL1960A20203,Sierra Leone,SL,Northern,Koinadugu,Koinadugu,Maize,Main,2015,5,2015,9,none,production,1784.244
214,SL1960A20203,Sierra Leone,SL,Northern,Koinadugu,Koinadugu,Maize,Main,2016,5,2016,9,none,production,1962.6684
215,SL1960A20203,Sierra Leone,SL,Northern,Koinadugu,Koinadugu,Sorghum,Main,2015,5,2015,9,none,production,1762.475
216,SL1960A20203,Sierra Leone,SL,Northern,Koinadugu,Koinadugu,Sorghum,Main,2016,5,2016,9,none,production,1938.7225
217,SL1960A20203,Sierra Leone,SL,Northern,Koinadugu,Koinadugu,Groundnuts (In Shell),Main,2015,5,2015,9,none,production,1486.0
218,SL1960A20203,Sierra Leone,SL,Northern,Koinadugu,Koinadugu,Groundnuts (In Shell),Main,2016,5,2016,9,none,production,1313.0
219,SL1960A20203,Sierra Leone,SL,Northern,Koinadugu,Koinadugu,Cassava,Main,2015,5,2015,9,none,production,82429.0
220,SL1960A20203,Sierra Leone,SL,Northern,Koinadugu,Koinadugu,Cassava,Main,2016,5,2016,9,none,production,89542.0
221,SL1960A20203,Sierra Leone,SL,Northern,Koinadugu,Koinadugu,Rice,Main,2015,5,2015,9,none,production,55707.0
222,SL1960A20203,Sierra Leone,SL,Northern,Koinadugu,Koinadugu,Rice,Main,2016,5,2016,9,none,production,61830.0
223,SL1960A20203,Sierra Leone,SL,Northern,Koinadugu,Koinadugu,Okras,Main,2015,5,2015,9,none,production,640.53
224,SL1960A20203,Sierra Leone,SL,Northern,Koinadugu,Koinadugu,Okras,Main,2016,5,2016,9,none,production,704.583
225,SL1960A20204,Sierra Leone,SL,Northern,Port Loko,Port Loko,Sweet Potatoes,Main,2003,5,2003,9,none,area,271.35
226,SL1960A20204,Sierra Leone,SL,Northern,Port Loko,Port Loko,Maize,Main,1986,5,1986,9,none,area,740.0
227,SL1960A20204,Sierra Leone,SL,Northern,Port Loko,Port Loko,Maize,Main,1986,5,1986,9,none,production,178.0
228,SL1960A20204,Sierra Leone,SL,Northern,Port Loko,Port Loko,Maize,Main,1986,5,1986,9,none,yield,0.24054054054054055
229,SL1960A20204,Sierra Leone,SL,Northern,Port Loko,Port Loko,Maize,Main,2003,5,2003,9,none,area,313.875
230,SL1960A20204,Sierra Leone,SL,Northern,Port Loko,Port Loko,Maize,Main,2004,5,2004,9,none,area,1163.0
231,SL1960A20204,Sierra Leone,SL,Northern,Port Loko,Port Loko,Groundnuts (In Shell),Main,1986,5,1986,9,none,area,598.0
232,SL1960A20204,Sierra Leone,SL,Northern,Port Loko,Port Loko,Groundnuts (In Shell),Main,1986,5,1986,9,none,production,254.0
233,SL1960A20204,Sierra Leone,SL,Northern,Port Loko,Port Loko,Groundnuts (In Shell),Main,1986,5,1986,9,none,yield,0.42474916387959866
234,SL1960A20204,Sierra Leone,SL,Northern,Port Loko,Port Loko,Groundnuts (In Shell),Main,2003,5,2003,9,none,area,720.9
235,SL1960A20204,Sierra Leone,SL,Northern,Port Loko,Port Loko,Groundnuts (In Shell),Main,2004,5,2004,9,none,area,2965.0
236,SL1960A20204,Sierra Leone,SL,Northern,Port Loko,Port Loko,Cassava,Main,2003,5,2003,9,none,area,639.9
237,SL1960A20204,Sierra Leone,SL,Northern,Port Loko,Port Loko,Cassava,Main,2004,5,2004,9,none,area,76120.0
238,SL1960A20204,Sierra Leone,SL,Northern,Port Loko,Port Loko,Rice,Main,1986,5,1986,9,none,area,23771.0
239,SL1960A20204,Sierra Leone,SL,Northern,Port Loko,Port Loko,Rice,Main,1986,5,1986,9,none,production,23618.0
240,SL1960A20204,Sierra Leone,SL,Northern,Port Loko,Port Loko,Rice,Main,1986,5,1986,9,none,yield,0.993563585881957
241,SL1960A20204,Sierra Leone,SL,Northern,Port Loko,Port Loko,Rice,Main,2002,5,2002,9,none,area,26485.785
242,SL1960A20204,Sierra Leone,SL,Northern,Port Loko,Port Loko,Rice,Main,2004,5,2004,9,none,area,17254.0
243,SL1960A20204,Sierra Leone,SL,Northern,Port Loko,Port Loko,Potato,Main,2004,5,2004,9,none,area,26385.0
244,SL1960A20204,Sierra Leone,SL,Northern,Port Loko,Port Loko,Millet,Main,2003,5,2003,9,none,area,170.1
245,SL1960A20204,Sierra Leone,SL,Northern,Port Loko,Port Loko,Banana,Main,2003,5,2003,9,none,area,402.975
246,SL1960A20204,Sierra Leone,SL,Northern,Port Loko,Port Loko,Cashew (unshelled),Main,2003,5,2003,9,none,area,4.05
247,SL1960A20204,Sierra Leone,SL,Northern,Port Loko,Port Loko,Sesame Seed,Main,2015,5,2015,9,none,production,597.96
248,SL1960A20204,Sierra Leone,SL,Northern,Port Loko,Port Loko,Sesame Seed,Main,2016,5,2016,9,none,production,657.756
249,SL1960A20204,Sierra Leone,SL,Northern,Port Loko,Port Loko,Sweet Potatoes,Main,2015,5,2015,9,none,production,14163.6308
250,SL1960A20204,Sierra Leone,SL,Northern,Port Loko,Port Loko,Sweet Potatoes,Main,2016,5,2016,9,none,production,16065.48944
251,SL1960A20204,Sierra Leone,SL,Northern,Port Loko,Port Loko,Maize,Main,2015,5,2015,9,none,production,2022.405
252,SL1960A20204,Sierra Leone,SL,Northern,Port Loko,Port Loko,Maize,Main,2016,5,2016,9,none,production,2224.6455
253,SL1960A20204,Sierra Leone,SL,Northern,Port Loko,Port Loko,Sorghum,Main,2015,5,2015,9,none,production,4340.765
254,SL1960A20204,Sierra Leone,SL,Northern,Port Loko,Port Loko,Sorghum,Main,2016,5,2016,9,none,production,4774.8415
255,SL1960A20204,Sierra Leone,SL,Northern,Port Loko,Port Loko,Groundnuts (In Shell),Main,2015,5,2015,9,none,production,3970.0
256,SL1960A20204,Sierra Leone,SL,Northern,Port Loko,Port Loko,Groundnuts (In Shell),Main,2016,5,2016,9,none,production,3508.0
257,SL1960A20204,Sierra Leone,SL,Northern,Port Loko,Port Loko,Cassava,Main,2015,5,2015,9,none,production,194992.0
258,SL1960A20204,Sierra Leone,SL,Northern,Port Loko,Port Loko,Cassava,Main,2016,5,2016,9,none,production,211818.0
259,SL1960A20204,Sierra Leone,SL,Northern,Port Loko,Port Loko,Rice,Main,2015,5,2015,9,none,production,83489.0
260,SL1960A20204,Sierra Leone,SL,Northern,Port Loko,Port Loko,Rice,Main,2016,5,2016,9,none,production,92665.0
261,SL1960A20204,Sierra Leone,SL,Northern,Port Loko,Port Loko,Okras,Main,2015,5,2015,9,none,production,645.975
262,SL1960A20204,Sierra Leone,SL,Northern,Port Loko,Port Loko,Okras,Main,2016,5,2016,9,none,production,710.5725
263,SL1960A20205,Sierra Leone,SL,Northern,Tonkolili,Tonkolili,Sweet Potatoes,Main,2003,5,2003,9,none,area,376.65
264,SL1960A20205,Sierra Leone,SL,Northern,Tonkolili,Tonkolili,Maize,Main,1986,5,1986,9,none,area,2437.0
265,SL1960A20205,Sierra Leone,SL,Northern,Tonkolili,Tonkolili,Maize,Main,1986,5,1986,9,none,production,1591.0
266,SL1960A20205,Sierra Leone,SL,Northern,Tonkolili,Tonkolili,Maize,Main,1986,5,1986,9,none,yield,0.6528518670496513
267,SL1960A20205,Sierra Leone,SL,Northern,Tonkolili,Tonkolili,Maize,Main,2003,5,2003,9,none,area,24422.0
268,SL1960A20205,Sierra Leone,SL,Northern,Tonkolili,Tonkolili,Maize,Main,2004,5,2004,9,none,area,14023.0
269,SL1960A20205,Sierra Leone,SL,Northern,Tonkolili,Tonkolili,Groundnuts (In Shell),Main,1986,5,1986,9,none,area,6595.0
270,SL1960A20205,Sierra Leone,SL,Northern,Tonkolili,Tonkolili,Groundnuts (In Shell),Main,1986,5,1986,9,none,production,4305.0
271,SL1960A20205,Sierra Leone,SL,Northern,Tonkolili,Tonkolili,Groundnuts (In Shell),Main,1986,5,1986,9,none,yield,0.6527672479150872
272,SL1960A20205,Sierra Leone,SL,Northern,Tonkolili,Tonkolili,Groundnuts (In Shell),Main,2003,5,2003,9,none,area,4459.05
273,SL1960A20205,Sierra Leone,SL,Northern,Tonkolili,Tonkolili,Groundnuts (In Shell),Main,2004,5,2004,9,none,area,3158.0
274,SL1960A20205,Sierra Leone,SL,Northern,Tonkolili,Tonkolili,Cassava,Main,2003,5,2003,9,none,area,26304.0
275,SL1960A20205,Sierra Leone,SL,Northern,Tonkolili,Tonkolili,Cassava,Main,2004,5,2004,9,none,area,38130.0
276,SL1960A20205,Sierra Leone,SL,Northern,Tonkolili,Tonkolili,Rice,Main,1986,5,1986,9,none,area,27131.0
277,SL1960A20205,Sierra Leone,SL,Northern,Tonkolili,Tonkolili,Rice,Main,1986,5,1986,9,none,production,28750.0
278,SL1960A20205,Sierra Leone,SL,Northern,Tonkolili,Tonkolili,Rice,Main,1986,5,1986,9,none,yield,1.0596734362905902
279,SL1960A20205,Sierra Leone,SL,Northern,Tonkolili,Tonkolili,Rice,Main,2002,5,2002,9,none,area,34442.01
280,SL1960A20205,Sierra Leone,SL,Northern,Tonkolili,Tonkolili,Rice,Main,2004,5,2004,9,none,area,22052.0
281,SL1960A20205,Sierra Leone,SL,Northern,Tonkolili,Tonkolili,Potato,Main,2004,5,2004,9,none,area,13266.0
282,SL1960A20205,Sierra Leone,SL,Northern,Tonkolili,Tonkolili,Millet,Main,2003,5,2003,9,none,area,103.275
283,SL1960A20205,Sierra Leone,SL,Northern,Tonkolili,Tonkolili,Banana,Main,2003,5,2003,9,none,area,1223.91
284,SL1960A20205,Sierra Leone,SL,Northern,Tonkolili,Tonkolili,Cashew (unshelled),Main,2003,5,2003,9,none,area,34.425
285,SL1960A20205,Sierra Leone,SL,Northern,Tonkolili,Tonkolili,Sesame Seed,Main,2015,5,2015,9,none,production,513.48
286,SL1960A20205,Sierra Leone,SL,Northern,Tonkolili,Tonkolili,Sesame Seed,Main,2016,5,2016,9,none,production,564.828
287,SL1960A20205,Sierra Leone,SL,Northern,Tonkolili,Tonkolili,Sweet Potatoes,Main,2015,5,2015,9,none,production,13508.1804
288,SL1960A20205,Sierra Leone,SL,Northern,Tonkolili,Tonkolili,Sweet Potatoes,Main,2016,5,2016,9,none,production,15322.02672
289,SL1960A20205,Sierra Leone,SL,Northern,Tonkolili,Tonkolili,Maize,Main,2015,5,2015,9,none,production,2315.544
290,SL1960A20205,Sierra Leone,SL,Northern,Tonkolili,Tonkolili,Maize,Main,2016,5,2016,9,none,production,2547.0984
291,SL1960A20205,Sierra Leone,SL,Northern,Tonkolili,Tonkolili,Sorghum,Main,2015,5,2015,9,none,production,6792.0996
292,SL1960A20205,Sierra Leone,SL,Northern,Tonkolili,Tonkolili,Sorghum,Main,2016,5,2016,9,none,production,7471.30956
293,SL1960A20205,Sierra Leone,SL,Northern,Tonkolili,Tonkolili,Groundnuts (In Shell),Main,2015,5,2015,9,none,production,1172.0
294,SL1960A20205,Sierra Leone,SL,Northern,Tonkolili,Tonkolili,Groundnuts (In Shell),Main,2016,5,2016,9,none,production,1036.0
295,SL1960A20205,Sierra Leone,SL,Northern,Tonkolili,Tonkolili,Cassava,Main,2015,5,2015,9,none,production,305913.0
296,SL1960A20205,Sierra Leone,SL,Northern,Tonkolili,Tonkolili,Cassava,Main,2016,5,2016,9,none,production,332311.0
297,SL1960A20205,Sierra Leone,SL,Northern,Tonkolili,Tonkolili,Rice,Main,2015,5,2015,9,none,production,118934.0
298,SL1960A20205,Sierra Leone,SL,Northern,Tonkolili,Tonkolili,Rice,Main,2016,5,2016,9,none,production,132006.0
299,SL1960A20205,Sierra Leone,SL,Northern,Tonkolili,Tonkolili,Okras,Main,2015,5,2015,9,none,production,713.79
300,SL1960A20205,Sierra Leone,SL,Northern,Tonkolili,Tonkolili,Okras,Main,2016,5,2016,9,none,production,785.169
301,SL1960A20301,Sierra Leone,SL,Southern,Bo,Bo,Sweet Potatoes,Main,2003,5,2003,9,none,area,270.135
302,SL1960A20301,Sierra Leone,SL,Southern,Bo,Bo,Maize,Main,1986,5,1986,9,none,area,491.0
303,SL1960A20301,Sierra Leone,SL,Southern,Bo,Bo,Maize,Main,1986,5,1986,9,none,production,155.0
304,SL1960A20301,Sierra Leone,SL,Southern,Bo,Bo,Maize,Main,1986,5,1986,9,none,yield,0.31568228105906315
305,SL1960A20301,Sierra Leone,SL,Southern,Bo,Bo,Maize,Main,2003,5,2003,9,none,area,104.49
306,SL1960A20301,Sierra Leone,SL,Southern,Bo,Bo,Maize,Main,2004,5,2004,9,none,area,1171.0
307,SL1960A20301,Sierra Leone,SL,Southern,Bo,Bo,Groundnuts (In Shell),Main,1986,5,1986,9,none,area,968.0
308,SL1960A20301,Sierra Leone,SL,Southern,Bo,Bo,Groundnuts (In Shell),Main,1986,5,1986,9,none,production,719.0
309,SL1960A20301,Sierra Leone,SL,Southern,Bo,Bo,Groundnuts (In Shell),Main,1986,5,1986,9,none,yield,0.7427685950413223
310,SL1960A20301,Sierra Leone,SL,Southern,Bo,Bo,Groundnuts (In Shell),Main,2003,5,2003,9,none,area,1042.875
311,SL1960A20301,Sierra Leone,SL,Southern,Bo,Bo,Groundnuts (In Shell),Main,2004,5,2004,9,none,area,2293.0
312,SL1960A20301,Sierra Leone,SL,Southern,Bo,Bo,Cassava,Main,2003,5,2003,9,none,area,1170.45
313,SL1960A20301,Sierra Leone,SL,Southern,Bo,Bo,Cassava,Main,2004,5,2004,9,none,area,66782.0
314,SL1960A20301,Sierra Leone,SL,Southern,Bo,Bo,Rice,Main,1986,5,1986,9,none,area,36541.0
315,SL1960A20301,Sierra Leone,SL,Southern,Bo,Bo,Rice,Main,1986,5,1986,9,none,production,55903.0
316,SL1960A20301,Sierra Leone,SL,Southern,Bo,Bo,Rice,Main,1986,5,1986,9,none,yield,1.5298705563613475
317,SL1960A20301,Sierra Leone,SL,Southern,Bo,Bo,Rice,Main,2002,5,2002,9,none,area,30777.57
318,SL1960A20301,Sierra Leone,SL,Southern,Bo,Bo,Rice,Main,2004,5,2004,9,none,area,35671.0
319,SL1960A20301,Sierra Leone,SL,Southern,Bo,Bo,Potato,Main,2004,5,2004,9,none,area,16037.0
320,SL1960A20301,Sierra Leone,SL,Southern,Bo,Bo,Millet,Main,2003,5,2003,9,none,area,328.05
321,SL1960A20301,Sierra Leone,SL,Southern,Bo,Bo,Banana,Main,2003,5,2003,9,none,area,277.425
322,SL1960A20301,Sierra Leone,SL,Southern,Bo,Bo,Sesame Seed,Main,2015,5,2015,9,none,production,480.48
323,SL1960A20301,Sierra Leone,SL,Southern,Bo,Bo,Sesame Seed,Main,2016,5,2016,9,none,production,528.528
324,SL1960A20301,Sierra Leone,SL,Southern,Bo,Bo,Sweet Potatoes,Main,2015,5,2015,9,none,production,15225.243
325,SL1960A20301,Sierra Leone,SL,Southern,Bo,Bo,Sweet Potatoes,Main,2016,5,2016,9,none,production,17269.6524
326,SL1960A20301,Sierra Leone,SL,Southern,Bo,Bo,Maize,Main,2015,5,2015,9,none,production,1485.33
327,SL1960A20301,Sierra Leone,SL,Southern,Bo,Bo,Maize,Main,2016,5,2016,9,none,production,1633.863
328,SL1960A20301,Sierra Leone,SL,Southern,Bo,Bo,Sorghum,Main,2015,5,2015,9,none,production,6329.895
329,SL1960A20301,Sierra Leone,SL,Southern,Bo,Bo,Sorghum,Main,2016,5,2016,9,none,production,6962.8845
330,SL1960A20301,Sierra Leone,SL,Southern,Bo,Bo,Groundnuts (In Shell),Main,2015,5,2015,9,none,production,1901.0
331,SL1960A20301,Sierra Leone,SL,Southern,Bo,Bo,Groundnuts (In Shell),Main,2016,5,2016,9,none,production,1680.0
332,SL1960A20301,Sierra Leone,SL,Southern,Bo,Bo,Cassava,Main,2015,5,2015,9,none,production,291507.0
333,SL1960A20301,Sierra Leone,SL,Southern,Bo,Bo,Cassava,Main,2016,5,2016,9,none,production,316662.0
334,SL1960A20301,Sierra Leone,SL,Southern,Bo,Bo,Rice,Main,2015,5,2015,9,none,production,129669.0
335,SL1960A20301,Sierra Leone,SL,Southern,Bo,Bo,Rice,Main,2016,5,2016,9,none,production,143921.0
336,SL1960A20301,Sierra Leone,SL,Southern,Bo,Bo,Okras,Main,2015,5,2015,9,none,production,175.725
337,SL1960A20301,Sierra Leone,SL,Southern,Bo,Bo,Okras,Main,2016,5,2016,9,none,production,193.2975
338,SL1960A20302,Sierra Leone,SL,Southern,Bonthe,Bonthe,Sweet Potatoes,Main,2003,5,2003,9,none,area,56.7
339,SL1960A20302,Sierra Leone,SL,Southern,Bonthe,Bonthe,Maize,Main,1986,5,1986,9,none,area,8400.0
340,SL1960A20302,Sierra Leone,SL,Southern,Bonthe,Bonthe,Maize,Main,1986,5,1986,9,none,production,1600.0
341,SL1960A20302,Sierra Leone,SL,Southern,Bonthe,Bonthe,Maize,Main,1986,5,1986,9,none,yield,0.19047619047619047
342,SL1960A20302,Sierra Leone,SL,Southern,Bonthe,Bonthe,Maize,Main,2003,5,2003,9,none,area,2552.0
343,SL1960A20302,Sierra Leone,SL,Southern,Bonthe,Bonthe,Maize,Main,2004,5,2004,9,none,area,2493.0
344,SL1960A20302,Sierra Leone,SL,Southern,Bonthe,Bonthe,Groundnuts (In Shell),Main,1986,5,1986,9,none,area,314.0
345,SL1960A20302,Sierra Leone,SL,Southern,Bonthe,Bonthe,Groundnuts (In Shell),Main,1986,5,1986,9,none,production,208.0
346,SL1960A20302,Sierra Leone,SL,Southern,Bonthe,Bonthe,Groundnuts (In Shell),Main,1986,5,1986,9,none,yield,0.6624203821656051
347,SL1960A20302,Sierra Leone,SL,Southern,Bonthe,Bonthe,Groundnuts (In Shell),Main,2003,5,2003,9,none,area,387.585
348,SL1960A20302,Sierra Leone,SL,Southern,Bonthe,Bonthe,Groundnuts (In Shell),Main,2004,5,2004,9,none,area,644.0
349,SL1960A20302,Sierra Leone,SL,Southern,Bonthe,Bonthe,Cassava,Main,2003,5,2003,9,none,area,747.225
350,SL1960A20302,Sierra Leone,SL,Southern,Bonthe,Bonthe,Cassava,Main,2004,5,2004,9,none,area,4930.0
351,SL1960A20302,Sierra Leone,SL,Southern,Bonthe,Bonthe,Rice,Main,1986,5,1986,9,none,area,12793.0
352,SL1960A20302,Sierra Leone,SL,Southern,Bonthe,Bonthe,Rice,Main,1986,5,1986,9,none,production,14745.0
353,SL1960A20302,Sierra Leone,SL,Southern,Bonthe,Bonthe,Rice,Main,1986,5,1986,9,none,yield,1.1525834440709763
354,SL1960A20302,Sierra Leone,SL,Southern,Bonthe,Bonthe,Rice,Main,2002,5,2002,9,none,area,8203.275
355,SL1960A20302,Sierra Leone,SL,Southern,Bonthe,Bonthe,Rice,Main,2004,5,2004,9,none,area,26023.0
356,SL1960A20302,Sierra Leone,SL,Southern,Bonthe,Bonthe,Potato,Main,2004,5,2004,9,none,area,13567.0
357,SL1960A20302,Sierra Leone,SL,Southern,Bonthe,Bonthe,Banana,Main,2003,5,2003,9,none,area,109.35
358,SL1960A20302,Sierra Leone,SL,Southern,Bonthe,Bonthe,Cashew (unshelled),Main,2003,5,2003,9,none,area,2.835
359,SL1960A20302,Sierra Leone,SL,Southern,Bonthe,Bonthe,Sesame Seed,Main,2015,5,2015,9,none,production,167.31
360,SL1960A20302,Sierra Leone,SL,Southern,Bonthe,Bonthe,Sesame Seed,Main,2016,5,2016,9,none,production,184.041
361,SL1960A20302,Sierra Leone,SL,Southern,Bonthe,Bonthe,Sweet Potatoes,Main,2015,5,2015,9,none,production,4046.8626
362,SL1960A20302,Sierra Leone,SL,Southern,Bonthe,Bonthe,Sweet Potatoes,Main,2016,5,2016,9,none,production,4590.26568
363,SL1960A20302,Sierra Leone,SL,Southern,Bonthe,Bonthe,Maize,Main,2015,5,2015,9,none,production,1027.95
364,SL1960A20302,Sierra Leone,SL,Southern,Bonthe,Bonthe,Maize,Main,2016,5,2016,9,none,production,1130.745
365,SL1960A20302,Sierra Leone,SL,Southern,Bonthe,Bonthe,Sorghum,Main,2015,5,2015,9,none,production,1544.4
366,SL1960A20302,Sierra Leone,SL,Southern,Bonthe,Bonthe,Sorghum,Main,2016,5,2016,9,none,production,1698.84
367,SL1960A20302,Sierra Leone,SL,Southern,Bonthe,Bonthe,Groundnuts (In Shell),Main,2015,5,2015,9,none,production,715.0
368,SL1960A20302,Sierra Leone,SL,Southern,Bonthe,Bonthe,Groundnuts (In Shell),Main,2016,5,2016,9,none,production,632.0
369,SL1960A20302,Sierra Leone,SL,Southern,Bonthe,Bonthe,Cassava,Main,2015,5,2015,9,none,production,538998.0
370,SL1960A20302,Sierra Leone,SL,Southern,Bonthe,Bonthe,Cassava,Main,2016,5,2016,9,none,production,585510.0
371,SL1960A20302,Sierra Leone,SL,Southern,Bonthe,Bonthe,Rice,Main,2015,5,2015,9,none,production,31686.0
372,SL1960A20302,Sierra Leone,SL,Southern,Bonthe,Bonthe,Rice,Main,2016,5,2016,9,none,production,35169.0
373,SL1960A20302,Sierra Leone,SL,Southern,Bonthe,Bonthe,Okras,Main,2015,5,2015,9,none,production,316.107
374,SL1960A20302,Sierra Leone,SL,Southern,Bonthe,Bonthe,Okras,Main,2016,5,2016,9,none,production,347.7177
375,SL1960A20303,Sierra Leone,SL,Southern,Moyamba,Moyamba,Sweet Potatoes,Main,2003,5,2003,9,none,area,1236.06
376,SL1960A20303,Sierra Leone,SL,Southern,Moyamba,Moyamba,Maize,Main,1986,5,1986,9,none,area,4168.0
377,SL1960A20303,Sierra Leone,SL,Southern,Moyamba,Moyamba,Maize,Main,1986,5,1986,9,none,production,2874.0
378,SL1960A20303,Sierra Leone,SL,Southern,Moyamba,Moyamba,Maize,Main,1986,5,1986,9,none,yield,0.6895393474088292
379,SL1960A20303,Sierra Leone,SL,Southern,Moyamba,Moyamba,Maize,Main,2004,5,2004,9,none,area,29414.0
380,SL1960A20303,Sierra Leone,SL,Southern,Moyamba,Moyamba,Groundnuts (In Shell),Main,1986,5,1986,9,none,area,1318.0
381,SL1960A20303,Sierra Leone,SL,Southern,Moyamba,Moyamba,Groundnuts (In Shell),Main,1986,5,1986,9,none,production,1016.0
382,SL1960A20303,Sierra Leone,SL,Southern,Moyamba,Moyamba,Groundnuts (In Shell),Main,1986,5,1986,9,none,yield,0.7708649468892261
383,SL1960A20303,Sierra Leone,SL,Southern,Moyamba,Moyamba,Groundnuts (In Shell),Main,2003,5,2003,9,none,area,3363.525
384,SL1960A20303,Sierra Leone,SL,Southern,Moyamba,Moyamba,Groundnuts (In Shell),Main,2004,5,2004,9,none,area,3960.0
385,SL1960A20303,Sierra Leone,SL,Southern,Moyamba,Moyamba,Cassava,Main,2003,5,2003,9,none,area,4586.22
386,SL1960A20303,Sierra Leone,SL,Southern,Moyamba,Moyamba,Cassava,Main,2004,5,2004,9,none,area,9137.0
387,SL1960A20303,Sierra Leone,SL,Southern,Moyamba,Moyamba,Rice,Main,1986,5,1986,9,none,area,36906.0
388,SL1960A20303,Sierra Leone,SL,Southern,Moyamba,Moyamba,Rice,Main,1986,5,1986,9,none,production,66839.0
389,SL1960A20303,Sierra Leone,SL,Southern,Moyamba,Moyamba,Rice,Main,1986,5,1986,9,none,yield,1.811060532162792
390,SL1960A20303,Sierra Leone,SL,Southern,Moyamba,Moyamba,Rice,Main,2002,5,2002,9,none,area,20296.98
391,SL1960A20303,Sierra Leone,SL,Southern,Moyamba,Moyamba,Rice,Main,2004,5,2004,9,none,area,15844.0
392,SL1960A20303,Sierra Leone,SL,Southern,Moyamba,Moyamba,Potato,Main,2004,5,2004,9,none,area,22316.0
393,SL1960A20303,Sierra Leone,SL,Southern,Moyamba,Moyamba,Banana,Main,2003,5,2003,9,none,area,78.975
394,SL1960A20303,Sierra Leone,SL,Southern,Moyamba,Moyamba,Sesame Seed,Main,2015,5,2015,9,none,production,596.31
395,SL1960A20303,Sierra Leone,SL,Southern,Moyamba,Moyamba,Sesame Seed,Main,2016,5,2016,9,none,production,655.941
396,SL1960A20303,Sierra Leone,SL,Southern,Moyamba,Moyamba,Sweet Potatoes,Main,2015,5,2015,9,none,production,16008.0558
397,SL1960A20303,Sierra Leone,SL,Southern,Moyamba,Moyamba,Sweet Potatoes,Main,2016,5,2016,9,none,production,18157.57944
398,SL1960A20303,Sierra Leone,SL,Southern,Moyamba,Moyamba,Maize,Main,2015,5,2015,9,none,production,2798.796
399,SL1960A20303,Sierra Leone,SL,Southern,Moyamba,Moyamba,Maize,Main,2016,5,2016,9,none,production,3078.6756
400,SL1960A20303,Sierra Leone,SL,Southern,Moyamba,Moyamba,Sorghum,Main,2015,5,2015,9,none,production,5599.88
401,SL1960A20303,Sierra Leone,SL,Southern,Moyamba,Moyamba,Sorghum,Main,2016,5,2016,9,none,production,6159.868
402,SL1960A20303,Sierra Leone,SL,Southern,Moyamba,Moyamba,Groundnuts (In Shell),Main,2015,5,2015,9,none,production,1280.0
403,SL1960A20303,Sierra Leone,SL,Southern,Moyamba,Moyamba,Groundnuts (In Shell),Main,2016,5,2016,9,none,production,1131.0
404,SL1960A20303,Sierra Leone,SL,Southern,Moyamba,Moyamba,Cassava,Main,2015,5,2015,9,none,production,213357.0
405,SL1960A20303,Sierra Leone,SL,Southern,Moyamba,Moyamba,Cassava,Main,2016,5,2016,9,none,production,231768.0
406,SL1960A20303,Sierra Leone,SL,Southern,Moyamba,Moyamba,Rice,Main,2015,5,2015,9,none,production,78731.0
407,SL1960A20303,Sierra Leone,SL,Southern,Moyamba,Moyamba,Rice,Main,2016,5,2016,9,none,production,87385.0
408,SL1960A20303,Sierra Leone,SL,Southern,Moyamba,Moyamba,Okras,Main,2015,5,2015,9,none,production,512.82
409,SL1960A20303,Sierra Leone,SL,Southern,Moyamba,Moyamba,Okras,Main,2016,5,2016,9,none,production,564.102
410,SL1960A20304,Sierra Leone,SL,Southern,Pujehun,Pujehun,Sweet Potatoes,Main,2003,5,2003,9,none,area,276.615
411,SL1960A20304,Sierra Leone,SL,Southern,Pujehun,Pujehun,Maize,Main,1986,5,1986,9,none,area,212.0
412,SL1960A20304,Sierra Leone,SL,Southern,Pujehun,Pujehun,Maize,Main,1986,5,1986,9,none,production,67.0
413,SL1960A20304,Sierra Leone,SL,Southern,Pujehun,Pujehun,Maize,Main,1986,5,1986,9,none,yield,0.3160377358490566
414,SL1960A20304,Sierra Leone,SL,Southern,Pujehun,Pujehun,Maize,Main,2003,5,2003,9,none,area,2228.0
415,SL1960A20304,Sierra Leone,SL,Southern,Pujehun,Pujehun,Maize,Main,2004,5,2004,9,none,area,6986.0
416,SL1960A20304,Sierra Leone,SL,Southern,Pujehun,Pujehun,Groundnuts (In Shell),Main,1986,5,1986,9,none,area,1007.0
417,SL1960A20304,Sierra Leone,SL,Southern,Pujehun,Pujehun,Groundnuts (In Shell),Main,1986,5,1986,9,none,production,489.0
418,SL1960A20304,Sierra Leone,SL,Southern,Pujehun,Pujehun,Groundnuts (In Shell),Main,1986,5,1986,9,none,yield,0.4856007944389275
419,SL1960A20304,Sierra Leone,SL,Southern,Pujehun,Pujehun,Groundnuts (In Shell),Main,2003,5,2003,9,none,area,428.085
420,SL1960A20304,Sierra Leone,SL,Southern,Pujehun,Pujehun,Groundnuts (In Shell),Main,2004,5,2004,9,none,area,1894.0
421,SL1960A20304,Sierra Leone,SL,Southern,Pujehun,Pujehun,Cassava,Main,2003,5,2003,9,none,area,45279.0
422,SL1960A20304,Sierra Leone,SL,Southern,Pujehun,Pujehun,Cassava,Main,2004,5,2004,9,none,area,48356.0
423,SL1960A20304,Sierra Leone,SL,Southern,Pujehun,Pujehun,Rice,Main,1986,5,1986,9,none,area,15942.0
424,SL1960A20304,Sierra Leone,SL,Southern,Pujehun,Pujehun,Rice,Main,1986,5,1986,9,none,production,22396.0
425,SL1960A20304,Sierra Leone,SL,Southern,Pujehun,Pujehun,Rice,Main,1986,5,1986,9,none,yield,1.4048425542591896
426,SL1960A20304,Sierra Leone,SL,Southern,Pujehun,Pujehun,Rice,Main,2002,5,2002,9,none,area,33081.21
427,SL1960A20304,Sierra Leone,SL,Southern,Pujehun,Pujehun,Rice,Main,2004,5,2004,9,none,area,11404.0
428,SL1960A20304,Sierra Leone,SL,Southern,Pujehun,Pujehun,Potato,Main,2004,5,2004,9,none,area,10349.0
429,SL1960A20304,Sierra Leone,SL,Southern,Pujehun,Pujehun,Millet,Main,2003,5,2003,9,none,area,30.375
430,SL1960A20304,Sierra Leone,SL,Southern,Pujehun,Pujehun,Banana,Main,2003,5,2003,9,none,area,188.325
431,SL1960A20304,Sierra Leone,SL,Southern,Pujehun,Pujehun,Sesame Seed,Main,2015,5,2015,9,none,production,223.41
432,SL1960A20304,Sierra Leone,SL,Southern,Pujehun,Pujehun,Sesame Seed,Main,2016,5,2016,9,none,production,245.751
433,SL1960A20304,Sierra Leone,SL,Southern,Pujehun,Pujehun,Sweet Potatoes,Main,2015,5,2015,9,none,production,5555.7964
434,SL1960A20304,Sierra Leone,SL,Southern,Pujehun,Pujehun,Sweet Potatoes,Main,2016,5,2016,9,none,production,6301.81552
435,SL1960A20304,Sierra Leone,SL,Southern,Pujehun,Pujehun,Maize,Main,2015,5,2015,9,none,production,1226.61
436,SL1960A20304,Sierra Leone,SL,Southern,Pujehun,Pujehun,Maize,Main,2016,5,2016,9,none,production,1349.271
437,SL1960A20304,Sierra Leone,SL,Southern,Pujehun,Pujehun,Sorghum,Main,2015,5,2015,9,none,production,1765.335
438,SL1960A20304,Sierra Leone,SL,Southern,Pujehun,Pujehun,Sorghum,Main,2016,5,2016,9,none,production,1941.8685
439,SL1960A20304,Sierra Leone,SL,Southern,Pujehun,Pujehun,Groundnuts (In Shell),Main,2015,5,2015,9,none,production,915.0
440,SL1960A20304,Sierra Leone,SL,Southern,Pujehun,Pujehun,Groundnuts (In Shell),Main,2016,5,2016,9,none,production,809.0
441,SL1960A20304,Sierra Leone,SL,Southern,Pujehun,Pujehun,Cassava,Main,2015,5,2015,9,none,production,196752.0
442,SL1960A20304,Sierra Leone,SL,Southern,Pujehun,Pujehun,Cassava,Main,2016,5,2016,9,none,production,213731.0
443,SL1960A20304,Sierra Leone,SL,Southern,Pujehun,Pujehun,Rice,Main,2015,5,2015,9,none,production,30665.0
444,SL1960A20304,Sierra Leone,SL,Southern,Pujehun,Pujehun,Rice,Main,2016,5,2016,9,none,production,34036.0
445,SL1960A20304,Sierra Leone,SL,Southern,Pujehun,Pujehun,Okras,Main,2015,5,2015,9,none,production,400.851
446,SL1960A20304,Sierra Leone,SL,Southern,Pujehun,Pujehun,Okras,Main,2016,5,2016,9,none,production,440.9361
447,SL1960A20401,Sierra Leone,SL,Western Area,Western Area Rural,Western Area Rural,Sweet Potatoes,Main,2003,5,2003,9,none,area,198.45
448,SL1960A20401,Sierra Leone,SL,Western Area,Western Area Rural,Western Area Rural,Maize,Main,2003,5,2003,9,none,area,71.28
449,SL1960A20401,Sierra Leone,SL,Western Area,Western Area Rural,Western Area Rural,Maize,Main,2004,5,2004,9,none,area,1272.0
450,SL1960A20401,Sierra Leone,SL,Western Area,Western Area Rural,Western Area Rural,Groundnuts (In Shell),Main,2003,5,2003,9,none,area,1240.11
451,SL1960A20401,Sierra Leone,SL,Western Area,Western Area Rural,Western Area Rural,Groundnuts (In Shell),Main,2004,5,2004,9,none,area,3232.0
452,SL1960A20401,Sierra Leone,SL,Western Area,Western Area Rural,Western Area Rural,Cassava,Main,2003,5,2003,9,none,area,361.665
453,SL1960A20401,Sierra Leone,SL,Western Area,Western Area Rural,Western Area Rural,Cassava,Main,2004,5,2004,9,none,area,4324.0
454,SL1960A20401,Sierra Leone,SL,Western Area,Western Area Rural,Western Area Rural,Rice,Main,2002,5,2002,9,none,area,6390.09
455,SL1960A20401,Sierra Leone,SL,Western Area,Western Area Rural,Western Area Rural,Rice,Main,2004,5,2004,9,none,area,8514.0
456,SL1960A20401,Sierra Leone,SL,Western Area,Western Area Rural,Western Area Rural,Potato,Main,2004,5,2004,9,none,area,3748.0
457,SL1960A20401,Sierra Leone,SL,Western Area,Western Area Rural,Western Area Rural,Banana,Main,2003,5,2003,9,none,area,10.935
458,SL1960A20401,Sierra Leone,SL,Western Area,Western Area Rural,Western Area Rural,Cashew (unshelled),Main,2003,5,2003,9,none,area,8.91
459,SL1960A20401,Sierra Leone,SL,Western Area,Western Area Rural,Western Area Rural,Sesame Seed,Main,2015,5,2015,9,none,production,117.48
460,SL1960A20401,Sierra Leone,SL,Western Area,Western Area Rural,Western Area Rural,Sesame Seed,Main,2016,5,2016,9,none,production,129.228
461,SL1960A20401,Sierra Leone,SL,Western Area,Western Area Rural,Western Area Rural,Sweet Potatoes,Main,2015,5,2015,9,none,production,10855.3148
462,SL1960A20401,Sierra Leone,SL,Western Area,Western Area Rural,Western Area Rural,Sweet Potatoes,Main,2016,5,2016,9,none,production,12312.94064
463,SL1960A20401,Sierra Leone,SL,Western Area,Western Area Rural,Western Area Rural,Maize,Main,2015,5,2015,9,none,production,822.129
464,SL1960A20401,Sierra Leone,SL,Western Area,Western Area Rural,Western Area Rural,Maize,Main,2016,5,2016,9,none,production,904.3419
465,SL1960A20401,Sierra Leone,SL,Western Area,Western Area Rural,Western Area Rural,Sorghum,Main,2015,5,2015,9,none,production,286.429
466,SL1960A20401,Sierra Leone,SL,Western Area,Western Area Rural,Western Area Rural,Sorghum,Main,2016,5,2016,9,none,production,315.0719
467,SL1960A20401,Sierra Leone,SL,Western Area,Western Area Rural,Western Area Rural,Groundnuts (In Shell),Main,2015,5,2015,9,none,production,2567.0
468,SL1960A20401,Sierra Leone,SL,Western Area,Western Area Rural,Western Area Rural,Groundnuts (In Shell),Main,2016,5,2016,9,none,production,2268.0
469,SL1960A20401,Sierra Leone,SL,Western Area,Western Area Rural,Western Area Rural,Cassava,Main,2015,5,2015,9,none,production,27574.0
470,SL1960A20401,Sierra Leone,SL,Western Area,Western Area Rural,Western Area Rural,Cassava,Main,2016,5,2016,9,none,production,69953.0
471,SL1960A20401,Sierra Leone,SL,Western Area,Western Area Rural,Western Area Rural,Rice,Main,2015,5,2015,9,none,production,12812.0
472,SL1960A20401,Sierra Leone,SL,Western Area,Western Area Rural,Western Area Rural,Rice,Main,2016,5,2016,9,none,production,9421.0
473,SL1960A20401,Sierra Leone,SL,Western Area,Western Area Rural,Western Area Rural,Okras,Main,2015,5,2015,9,none,production,176.22
474,SL1960A20401,Sierra Leone,SL,Western Area,Western Area Rural,Western Area Rural,Okras,Main,2016,5,2016,9,none,production,193.842
